// This is a list of all known file names.
// - The hashes for these will be automatically created.

core/editor_slave/resources/level_resources/reflection_probe_diffuse_bake
core/editor_slave/resources/level_resources/reflection_probe_radiance_bake
core/editor_slave/resources/level_resources/reflection_probe_specular_bake
core/editor_slave/resources/level_resources/sky_neutral_blue
core/editor_slave/resources/terrain/terrain_transparent
core/editor_slave/units/preview/textures/checkerbox_55_percent_luminance
core/entities/vector_fields/global_direction/global_direction
core/fallback_resources/missing_flow
core/fallback_resources/missing_material
core/fallback_resources/missing_particles
core/fallback_resources/missing_texture
core/performance_hud/debug
core/renderables/light
core/stingray_renderer/entities/reflection_probe/probe
core/stingray_renderer/entities/reflection_probe/reflection_probe
core/stingray_renderer/environments/midday/midday
core/stingray_renderer/lookup_tables/ibl_brdf_lut
core/stingray_renderer/lookup_tables/ibl_specular_brdf_lut
core/stingray_renderer/lookup_tables/noise
core/stingray_renderer/lookup_tables/noise_3d
core/stingray_renderer/lookup_tables/noise_array
core/stingray_renderer/lookup_tables/sss_lut
core/stingray_renderer/renderer
core/stingray_renderer/shader_import/standard
core/stingray_renderer/shader_libraries/atmosphere
core/stingray_renderer/shader_libraries/baker
core/stingray_renderer/shader_libraries/baker_filtering
core/stingray_renderer/shader_libraries/checkerboard_resolve
core/stingray_renderer/shader_libraries/cubemap
core/stingray_renderer/shader_libraries/default_shaders
core/stingray_renderer/shader_libraries/development
core/stingray_renderer/shader_libraries/fsr
core/stingray_renderer/shader_libraries/fxaa
core/stingray_renderer/shader_libraries/imp_utilities
core/stingray_renderer/shader_libraries/lighting
core/stingray_renderer/shader_libraries/missing_billboard
core/stingray_renderer/shader_libraries/multi_res_blending
core/stingray_renderer/shader_libraries/placeholders
core/stingray_renderer/shader_libraries/post_processing
core/stingray_renderer/shader_libraries/screen_space_global_illumination
core/stingray_renderer/shader_libraries/screen_space_reflections
core/stingray_renderer/shader_libraries/terrain_utilities
core/stingray_renderer/shader_libraries/water
core/stingray_renderer/shading_environment_components/asset_color_grading
core/stingray_renderer/shading_environment_components/atmosphere
core/stingray_renderer/shading_environment_components/auto_exposure
core/stingray_renderer/shading_environment_components/bloom
core/stingray_renderer/shading_environment_components/cascaded_shadow_mapping
core/stingray_renderer/shading_environment_components/cloud_shadows
core/stingray_renderer/shading_environment_components/concussion
core/stingray_renderer/shading_environment_components/confusion
core/stingray_renderer/shading_environment_components/desaturate_highlight
core/stingray_renderer/shading_environment_components/directional_light_2
core/stingray_renderer/shading_environment_components/dof
core/stingray_renderer/shading_environment_components/dof_circular
core/stingray_renderer/shading_environment_components/exposure
core/stingray_renderer/shading_environment_components/far_scatter_control
core/stingray_renderer/shading_environment_components/film_grain
core/stingray_renderer/shading_environment_components/fog
core/stingray_renderer/shading_environment_components/global_lighting
core/stingray_renderer/shading_environment_components/global_utility
core/stingray_renderer/shading_environment_components/heathaze
core/stingray_renderer/shading_environment_components/hologram_drop_select_variables
core/stingray_renderer/shading_environment_components/hologram_variables
core/stingray_renderer/shading_environment_components/hud
core/stingray_renderer/shading_environment_components/lens_flares_global
core/stingray_renderer/shading_environment_components/lens_quality
core/stingray_renderer/shading_environment_components/motion_blur
core/stingray_renderer/shading_environment_components/parametric_color_grading
core/stingray_renderer/shading_environment_components/post_effects
core/stingray_renderer/shading_environment_components/render_utility
core/stingray_renderer/shading_environment_components/showroom_probe_override
core/stingray_renderer/shading_environment_components/snow_control
core/stingray_renderer/shading_environment_components/snow_resources
core/stingray_renderer/shading_environment_components/space_probe_backdrop
core/stingray_renderer/shading_environment_components/ssao
core/stingray_renderer/shading_environment_components/ssgi
core/stingray_renderer/shading_environment_components/ssr
core/stingray_renderer/shading_environment_components/vignette
core/stingray_renderer/shading_environment_components/volumetric_clouds
core/stingray_renderer/shading_environment_components/volumetric_clouds_dynamic
core/stingray_renderer/shading_environment_components/volumetric_clouds_lighting
core/stingray_renderer/shading_environment_components/volumetric_clouds_shadows
core/stingray_renderer/shading_environment_components/water_surface
core/stingray_renderer/shading_environment_components/weathering_resources
core/wwise/lua/wwise_bank_reference
core/wwise/lua/wwise_flow_callbacks
core/wwise/lua/wwise_visualization

content/art_shared/base_shaders/nature/terrain_parent_material
content/art_shared/shading_global_lookups/ibl_iridescence_generic_lut
content/art_shared/textures/50_gray
content/art_shared/textures/black_all_channels_dummy
content/art_shared/textures/camera_dirt
content/art_shared/textures/customization/camo_library/cam_pattern_tilers/customization_camo_tiler_array
content/art_shared/textures/customization/debug/debug_array
content/art_shared/textures/customization/material_library/detail_tilers/customization_detail_tiler_array
content/art_shared/textures/dof_weights
content/art_shared/textures/dummy_weathering_albedo_graded
content/art_shared/textures/dummy_weathering_dirtdata
content/art_shared/textures/dummy_weathering_nar
content/art_shared/textures/fibonacci_normal_lut
content/art_shared/textures/flat_normal
content/art_shared/textures/glitter_tiler
content/art_shared/textures/normal_xy_ao_rough_dummy
content/art_shared/textures/ripples_tiler
content/art_shared/textures/water_caustics
content/audio
content/audio/bots_berserker
content/audio/bots_devastator
content/audio/bots_dropship
content/audio/bots_fabricator
content/audio/bots_gunship
content/audio/bots_hulk
content/audio/bots_interceptor
content/audio/bots_scoutwalker
content/audio/bots_tank
content/audio/bugs_bilespewer
content/audio/bugs_biletitan
content/audio/bugs_broodcommander
content/audio/bugs_charger
content/audio/bugs_hunter
content/audio/bugs_scavenger
content/audio/bugs_shrieker
content/audio/bugs_stalker
content/audio/bugs_warrior
content/audio/custom
content/audio/cutscenes_sfx
content/audio/destruction
content/audio/env_arctic
content/audio/env_bots
content/audio/env_bugs
content/audio/env_forest
content/audio/env_illuminate
content/audio/env_moor
content/audio/env_primordial
content/audio/env_sandy
content/audio/env_shared
content/audio/env_ship
content/audio/env_swamp
content/audio/env_teleporter
content/audio/foley_bots
content/audio/foley_bugs
content/audio/foley_illuminate
content/audio/foley_npcs
content/audio/foley_player
content/audio/foley_player_surface_media_common
content/audio/foley_player_surface_media_concrete_stone
content/audio/foley_player_surface_media_dirt
content/audio/foley_player_surface_media_flesh
content/audio/foley_player_surface_media_foliage
content/audio/foley_player_surface_media_glass
content/audio/foley_player_surface_media_grass
content/audio/foley_player_surface_media_gravel
content/audio/foley_player_surface_media_ice_snow
content/audio/foley_player_surface_media_metal
content/audio/foley_player_surface_media_mud_water
content/audio/foley_player_surface_media_rubber
content/audio/foley_player_surface_media_sand
content/audio/foley_player_surface_media_wood
content/audio/game_init
content/audio/gore_bots
content/audio/gore_bugs
content/audio/gore_player
content/audio/gp_31_grenade_pistol
content/audio/haz_bugcluster
content/audio/haz_explosivemushroom
content/audio/haz_fire
content/audio/haz_frozenflowers
content/audio/Helldiver_IR
content/audio/Helldiver_Standard_VO
content/audio/Init
content/audio/intro_logos
content/audio/las_7
content/audio/menu
content/audio/Mission_Civilian_Exertions
content/audio/music
content/audio/obj_ammodepot
content/audio/obj_antiairgun
content/audio/obj_briefcase
content/audio/obj_carry_flag
content/audio/obj_central_core_drill
content/audio/obj_colony_relay
content/audio/obj_communicationrelay
content/audio/obj_destroy_airbase
content/audio/obj_destroy_research_station
content/audio/obj_detector_tower
content/audio/obj_drill
content/audio/obj_dropship
content/audio/obj_extract_civilians
content/audio/obj_feedback_sounds
content/audio/obj_find_escape_pod
content/audio/obj_foggenerator
content/audio/obj_generic_terminal
content/audio/obj_hellbomb
content/audio/obj_larvae
content/audio/obj_leyline
content/audio/obj_missile_silo
content/audio/obj_mortar_base
content/audio/obj_oil_pickup
content/audio/obj_oil_pump
content/audio/obj_orbital_cannon
content/audio/obj_practice
content/audio/obj_prospecting_drill
content/audio/obj_protospire
content/audio/obj_raise_flag
content/audio/obj_restore_power
content/audio/obj_robotarm
content/audio/obj_sam_site
content/audio/obj_satellite_relay
content/audio/obj_seaf_gun
content/audio/obj_seismic_probe
content/audio/obj_servers
content/audio/obj_silo
content/audio/obj_thumper
content/audio/obj_truth_transmitter
content/audio/p18_redeemer
content/audio/p2_peacemaker
content/audio/p8_senator
content/audio/plas_3_plasma_pistol
content/audio/rev_gameplay
content/audio/rev_ship_hub
content/audio/samples
content/audio/stratagems
content/audio/tutorial
content/audio/tutorial_outro
content/audio/us/cutscenes
content/audio/us/helldiver_purist_VO
content/audio/us/helldiver_soldier_female1_VO
content/audio/us/helldiver_soldier_female2_VO
content/audio/us/helldiver_soldier_male1_VO
content/audio/us/Mission_Civilian_VO
content/audio/us/Objective_VO
content/audio/us/Radio_Admiral_VO
content/audio/us/Radio_Eagle_Pilot_VO
content/audio/us/Radio_Extraction_Pilot_VO
content/audio/us/Radio_Mission_Control_VO
content/audio/us/Radio_Objective_Pilot_VO
content/audio/us/Radio_Shuttle_Pilot_VO
content/audio/us/Ship_Hub
content/audio/us/Shiphub_Admiral_VO
content/audio/us/Shiphub_Hellbot_VO
content/audio/us/Shiphub_Service_Technician_VO
content/audio/us/Shiphub_Ship_Master_VO
content/audio/us/Tutorial_Dummy_VO
content/audio/us/Tutorial_Extraction_Pilot_VO
content/audio/us/Tutorial_Facility_Operator_VO
content/audio/us/Tutorial_Helldiver_Recruit_VO
content/audio/us/Tutorial_Instructor_VO
content/audio/vehi_player
content/audio/vo_bugs
content/audio/vo_illuminate
content/audio/vo_objects
content/audio/vo_radio
content/audio/vo_speakers
content/audio/weapons_bots
content/audio/weapons_illuminate
content/audio/weapons_superearth
content/audio/wep_ac3_arc_thrower
content/audio/wep_ar19_liberator
content/audio/wep_ar20l_justice
content/audio/wep_ar22_patriot
content/audio/wep_arc12_blitzer
content/audio/wep_autocannon
content/audio/wep_colony_shotgun
content/audio/wep_eat17_expendable_at_rifle
content/audio/wep_flamethrower
content/audio/wep_grenade_launcher
content/audio/wep_heavy_machinegun
content/audio/wep_jar5_dominator
content/audio/wep_laser_cannon
content/audio/wep_laser_pulse_cannon
content/audio/wep_mg105_stalwart
content/audio/wep_mg43
content/audio/wep_plas1_single
content/audio/wep_r63_vigilance
content/audio/wep_railgun
content/audio/wep_recoilless_ap
content/audio/wep_sar1_sniper
content/audio/wep_scythe
content/audio/wep_sg225_breaker
content/audio/wep_sg8_punisher
content/audio/wep_sickle
content/audio/wep_smg45_defender
content/audio/wep_spear_launcher
content/audio/wpn_mp98_knight
content/effects/textures/clouds/cloud_master_atlas_data_01
content/effects/textures/clouds/cloud_master_atlas_sss_01
content/effects/textures/lens_flares/lens_flare_sun_01
content/effects/textures/lens_flares/space_sun_flare_new
content/effects/textures/screen_effects/damaged_generic_01
content/effects/textures/smoke/fog_volume_01
content/entities/navmeshseedpoint
content/entities/ship_cutscene_unit
content/env_bugs/assets/gameplay/bug_fog_generator
content/env_bugs/assets/gameplay/bug_spawner_boomer
content/env_bugs/assets/gameplay/bug_spawner_hiveguard
content/env_bugs/assets/gameplay/bug_spawner_hunter
content/env_bugs/assets/gameplay/bug_spawner_scavenger
content/env_bugs/assets/gameplay/bug_spawner_shrieker
content/env_bugs/assets/gameplay/bug_spawner_spitter
content/env_bugs/assets/gameplay/bug_spawner_stalker
content/env_bugs/assets/gameplay/bug_spawner_warrior
content/env_bugs/assets/samples/bug_egg_super_sample_01
content/env_bugs/assets/samples/bug_enemy_sample_01
content/env_bugs/assets/samples/bug_intel_sample_01
content/env_bugs/assets/samples/bug_sample_01
content/env_cyborg/gameplay/cyborg_alarmlight
content/env_cyborg/gameplay/spawner_factory/cyborg_spawner_factory_conscript_airborne
content/env_cyborg/gameplay/spawner_factory/cyborg_spawner_factory_conscript_assault
content/env_cyborg/gameplay/spawner_factory/cyborg_spawner_factory_conscript_phalanx
content/env_cyborg/gameplay/spawner_factory/cyborg_spawner_factory_conscript_standard
content/env_cyborg/samples/automaton_sample_01
content/env_cyborg/samples/automaton_super_sample_01
content/env_illuminate/gameplay/il_spawner_guy_staff
content/env_illuminate/samples/illuminate_enemy_sample_01
content/env_shared_arctic/assets/samples/crystal_sample_01
content/env_shared_arctic/assets/terrain_materials/textures_packed/arctic_bot_road_displacement
content/env_shared_arctic/assets/terrain_materials/textures_packed/arctic_bug_road_displacement
content/env_shared_arctic/assets/terrain_materials/textures_packed/arctic_dirt_displacement
content/env_shared_arctic/assets/terrain_materials/textures_packed/arctic_pebbles_heavy_displacement
content/env_shared_arctic/assets/terrain_materials/textures_packed/arctic_pebbles_small_displacement
content/env_shared_arctic/assets/terrain_materials/textures_packed/arctic_road_displacement
content/env_shared_arctic/assets/terrain_materials/textures_packed/arctic_rock_displacement
content/env_shared_arctic/assets/terrain_materials/textures_packed/arctic_snow_disturbed_displacement
content/env_shared_arctic/assets/terrain_materials/textures_packed/arctic_snow_fresh_displacement
content/env_shared_arctic/assets/terrain_materials/textures_packed/arctic_snow_tamped_displacement
content/env_shared_arctic/assets/terrain_materials/textures_packed/arctic_snow_windswept_displacement
content/env_shared_arctic/assets/terrain_materials/textures_packed/arctic_super_earth_road_displacement
content/env_shared_arctic/assets/terrain_materials/textures_packed/glints_tint
content/env_shared_arctic/assets/terrain_materials/textures_packed/glints_tint_lowres
content/env_shared_arctic/assets/terrain_materials/textures_packed/ice_clear_displacement
content/env_shared_arctic/assets/terrain_materials/textures_packed/ice_frosty_displacement
content/env_shared_arctic/assets/terrain_materials/textures_packed/snowy_forest_ground_displacement
content/env_shared_arctic/assets/terrain_materials/textures_packed/snowy_forest_marshlands_displacement
content/env_shared_arctic/assets/textures/snow_pnrb_array
content/env_shared_arctic/assets/textures/snow_pnrb_array_lowres
content/env_shared_arctic/assets/weathering/arctic_weathering_albedo_graded
content/env_shared_arctic/assets/weathering/arctic_weathering_mask
content/env_shared_arctic/assets/weathering/arctic_weathering_nar
content/env_shared_desert/assets/samples/mineral_sample_01
content/env_shared_forest/assets/samples/plant_sample_01
content/env_shared_forest/assets/terrain_materials/textures_packed/forest_generic_dirt_displacement
content/env_shared_forest/assets/terrain_materials/textures_packed/forest_generic_rock_displacement
content/env_shared_forest/assets/terrain_materials/textures_packed/forest_grass_displacement
content/env_shared_forest/assets/terrain_materials/textures_packed/forest_grass_tall_displacement
content/env_shared_forest/assets/terrain_materials/textures_packed/forest_ground_displacement
content/env_shared_forest/assets/terrain_materials/textures_packed/forest_moss_displacement
content/env_shared_forest/assets/terrain_materials/textures_packed/forest_mud_difficult_displacement
content/env_shared_forest/assets/terrain_materials/textures_packed/forest_pebbles_heavy_displacement
content/env_shared_forest/assets/terrain_materials/textures_packed/forest_pebbles_small_displacement
content/env_shared_forest/assets/terrain_materials/textures_packed/forest_road_displacement
content/env_shared_forest/assets/terrain_materials/textures_packed/forest_super_earth_road_displacement
content/env_shared_forest/assets/weathering/forest_weathering_albedo_graded
content/env_shared_forest/assets/weathering/forest_weathering_mask
content/env_shared_forest/assets/weathering/forest_weathering_nar
content/env_shared/assets/exploration_rewards/cache_interactable_box
content/env_shared/assets/lut_neutral
content/env_shared/assets/samples/artifact_sample_01/artifact_sample_01
content/env_shared/assets/samples/bio_sample_01/bio_sample_01
content/env_shared/assets/samples/blacksaffron_sample_01/blacksaffron_sample_01
content/env_shared/assets/samples/crystalized_e710_sample_01/crystalized_e710_sample_01
content/env_shared/assets/samples/legendarium_sample_01/legendarium_sample_01
content/env_shared/assets/samples/super_uranium/super_uranium_sample_01
content/env_shared/assets/samples/tech_sample_01/tech_sample_01
content/env_shared/assets/terrain_materials/textures/generic_bug_acid_displacement
content/env_shared/assets/terrain_materials/textures/iluminate_placeholder_01_displacement
content/env_shared/assets/terrain_materials/textures/neutral_bot_debris_displacement
content/env_shared/assets/terrain_materials/textures/neutral_bot_debris_nms
content/env_shared/assets/terrain_materials/textures/neutral_bot_dirt_displacement
content/env_shared/assets/terrain_materials/textures/neutral_bot_gravel_displacement
content/env_shared/assets/terrain_materials/textures/neutral_bot_road_displacement
content/env_shared/assets/terrain_materials/textures/neutral_bug_acid_displacement
content/env_shared/assets/terrain_materials/textures/neutral_bug_cement_displacement
content/env_shared/assets/terrain_materials/textures/neutral_bug_mycelium_displacement
content/env_shared/assets/terrain_materials/textures/neutral_bug_mycellium_displacement
content/env_shared/assets/terrain_materials/textures/neutral_bug_road_displacement
content/env_shared/assets/terrain_materials/textures/neutral_bug_slime_displacement
content/env_shared/assets/terrain_materials/textures/neutral_dirt_displacement
content/env_shared/assets/terrain_materials/textures/neutral_illuminate_lava_displacement
content/env_shared/assets/terrain_materials/textures/neutral_illuminate_sand_displacement
content/env_shared/assets/terrain_materials/textures/neutral_illuminate_stone_displacement
content/env_shared/assets/terrain_materials/textures/neutral_oil_difficult_displacement
content/env_shared/assets/terrain_materials/textures/neutral_pebbles_heavy_displacement
content/env_shared/assets/terrain_materials/textures/neutral_pebbles_small_displacement
content/env_shared/assets/terrain_materials/textures/neutral_road_displacement
content/env_shared/assets/terrain_materials/textures/neutral_rock_displacement
content/env_shared/assets/terrain_materials/textures/neutral_scorch_displacement
content/env_shared/assets/terrain_materials/textures/neutral_super_earth_road_displacement
content/env_shared/assets/tutorial_trigger_area/tutorial_trigger_area
content/env_ship/bridge/bridge_hologram_map_01
content/env_ship/bridge/bridge_ship_video_system
content/env_ship/bridge/hellpod_delivery_system
content/env_ship/bridge/hellpod_warning_light
content/env_ship/customization/flag_hanging_01
content/env_ship/customization/flag_hanging_02
content/env_ship/customization/flag_wall_01
content/env_ship/customization/hangar_basic_customisation
content/env_ship/generic/debug_store_screen
content/env_ship/generic/galactic_campaign_interact_point/galactic_campaign_interact_point
content/env_ship/generic/teleporter
content/env_ship/hangar/cryo_chamber/cryo_chamber
content/env_ship/hangar/hangar_diagonal_elevator_01
content/env_ship/hangar/robotics_module_hellpods/robotics_module_hellpods
content/env_ship/hangar/se_destroyer_supportcannon_missile_launcher
content/env_ship/lighting/specular_cubemap_state0_array
content/env_space/space_backdrop/space_backdrop_baked_01
content/env_super_earth/habs/containers/smuggler_cache
content/env_super_earth/habs/corporation_props/blue_corp_tool_rack_01
content/env_super_earth/habs/posters/sign_welcome_cape
content/env_super_earth/habs/props/habs_barrel_fuel
content/env_super_earth/habs/props/se_pa_speaker_01
content/env_super_earth/habs/props/vending_machine_democracy_01
content/env_super_earth/habs/props/vending_machine_freedom_01
content/env_super_earth/habs/props/warning_lamp_01
content/env_super_earth/habs/structures/habs_colony_building_ground_01_master
content/env_super_earth/habs/vehicles/habs_forklift_01
content/env_super_earth/military_base/mechanical_bughole/mechanical_bughole
content/env_super_earth/military_base/mechanical_bughole/mechanical_bughole_scavenger
content/env_super_earth/military_base/obstacle_course/retracting_pole
content/env_super_earth/military_base/rocket_walkway/rocket_walkway
content/env_super_earth/military_base/super_earth_cache/super_earth_cache
content/env_super_earth/military_base/super_earth_cache/super_earth_cache_lid
content/env_super_earth/military_base/utilities/base_light_01_head
content/env_super_earth/military_base/utilities/bunker_cache
content/env_super_earth/military_base/utilities/cache_button
content/env_super_earth/military_base/utilities/cache_button_left
content/env_super_earth/military_base/utilities/cctv_camera
content/env_super_earth/military_base/utilities/door_01
content/env_super_earth/military_base/utilities/gate_01
content/env_super_earth/military_base/utilities/utilities_speakers_01
content/env_super_earth/samples/se_intel_sample_01
content/env_super_earth/terrain_materials/textures_packed/superearth_forest_ground_displacement
content/env_super_earth/terrain_materials/textures_packed/superearth_grass_displacement
content/env_super_earth/terrain_materials/textures_packed/superearth_grass_tall_displacement
content/env_super_earth/terrain_materials/textures_packed/superearth_moss_displacement
content/env_super_earth/terrain_materials/textures_packed/superearth_mud_difficult_displacement
content/env_super_earth/tutorial/cape_dispenser/cape_dispenser
content/env_super_earth/tutorial/cryo_rocket/cryo_rocket
content/env_super_earth/tutorial/door_01/door_light
content/env_super_earth/tutorial/icbm_silo_tutorial/icbm_silo_tutorial
content/env_super_earth/tutorial/sprint_room_terminal_01/sprint_room_terminal
content/env_super_earth/tutorial/weapon_dispenser/weapon_dispenser
content/fac_bugs/cha_shrieker/cha_shrieker
content/fac_cyborgs/emplacements/cyborg_emplacement_hmg/cyborg_emplacement_hmg
content/fac_cyborgs/emplacements/cyborg_emplacement_mg/cyborg_emplacement_mg
content/fac_cyborgs/turrets/cyborg_tank_turret_autocannons/cyborg_turret_autocannons
content/fac_cyborgs/turrets/cyborg_tank_turret_cannon/cyborg_turret_heavycannon
content/fac_cyborgs/turrets/cyborg_tank_turret_mortar/cyborg_turret_mortar
content/fac_helldivers/cha_avatar/gear/standard_medium/cape_medium_albedo
content/fac_helldivers/discoverables/ammo_box_discoverable_01/ammo_box_discoverable_01
content/fac_helldivers/discoverables/grenade_box_discoverable_01/grenade_box_discoverable_01
content/fac_helldivers/discoverables/health_pack_discoverable_01/health_pack_discoverable_01
content/fac_helldivers/discovereables/health_pack_discoverable
content/fac_helldivers/equipment/backpacks/ballistic_shield_backpack/ballistic_shield_backpack
content/fac_helldivers/equipment/backpacks/ballistic_shield_backpack/ballistic_shield_backpack_small
content/fac_helldivers/equipment/primary_weapons/assault_rifle/assault_rifle
content/fac_helldivers/equipment/primary_weapons/assault_shotgun_incendiary/assault_shotgun_incendiary
content/fac_helldivers/equipment/primary_weapons/laser_rifle/laser_rifle
content/fac_helldivers/equipment/primary_weapons/lmg_stalwart/lmg_stalwart
content/fac_helldivers/equipment/primary_weapons/plasma_rifle/plasma_rifle
content/fac_helldivers/equipment/primary_weapons/pump_shotgun/pump_shotgun
content/fac_helldivers/equipment/sidearm_weapons/standard_pistol/standard_pistol
content/fac_helldivers/equipment/support_weapons/arc_thrower/arc_thrower
content/fac_helldivers/equipment/support_weapons/automatic_cannon/automatic_cannon
content/fac_helldivers/equipment/support_weapons/faf_missile_launcher/faf_missile_launcher
content/fac_helldivers/equipment/support_weapons/flamethrower/flamethrower
content/fac_helldivers/equipment/support_weapons/grenade_launcher/grenade_launcher
content/fac_helldivers/equipment/support_weapons/laser_cannon/laser_cannon
content/fac_helldivers/equipment/support_weapons/lat_oneshot/lat_oneshot
content/fac_helldivers/equipment/support_weapons/machinegun/machinegun
content/fac_helldivers/equipment/support_weapons/railgun/railgun
content/fac_helldivers/equipment/support_weapons/recoilless_rifle/recoilless_rifle
content/fac_helldivers/equipment/support_weapons/sniper_rifle/sniper_rifle
content/fac_helldivers/hellpod/ammo_rack/ammo_box
content/fac_helldivers/hellpod/hellbomb/hellbomb
content/fac_helldivers/hellpod/hellpod/hellpod_ship
content/fac_helldivers/hellpod/hellpod/hellpod_ship_launcher_master
content/fac_helldivers/hellpod/landingzone_beacon/test_unit_links
content/fac_helldivers/hellpod/manned_turret/manned_turret
content/fac_helldivers/hellpod/manned_turret/manned_turret_discoverable
content/fac_helldivers/hellpod/turret_machinegun_gpmg/turret_machinegun_gpmg
content/fac_helldivers/hellpod/turret/gatling_turret
content/fac_helldivers/hellpod/turret/tutorial_turret
content/fac_helldivers/hellpod/weapon_rack/weapon_rack_jammed_pinata
content/fac_helldivers/vehicles/combat_walker/combat_walker
content/fac_helldivers/vehicles/eagle/eagle
content/fac_helldivers/vehicles/frv/frv
content/fac_helldivers/vehicles/lav/lav
content/fac_helldivers/vehicles/shuttle_gunship/shuttle_gunship
content/fac_helldivers/vehicles/shuttle_gunship/shuttle_gunship_cutscene
content/fac_illuminate/equipment/shield_forcefield/hexagon_shield
content/fac_illuminate/equipment/shield_forcefield/shield_forcefield_outcast
content/fac_super_earth/bridge_personnel/cha_personnel/cha_admiral_m
content/fac_super_earth/bridge_personnel/cha_personnel/cha_deckofficer_f_01
content/fac_super_earth/bridge_personnel/cha_personnel/cha_deckofficer_m_01
content/fac_super_earth/bridge_personnel/cha_personnel/cha_deckofficer_spawntask_f_01
content/fac_super_earth/bridge_personnel/cha_personnel/cha_eaglepilot_f
content/fac_super_earth/bridge_personnel/cha_personnel/cha_firsup_f_01
content/fac_super_earth/bridge_personnel/cha_personnel/cha_firsup_m_01
content/fac_super_earth/bridge_personnel/cha_personnel/cha_helm_f_01
content/fac_super_earth/bridge_personnel/cha_personnel/cha_helm_m_01
content/fac_super_earth/bridge_personnel/cha_personnel/cha_mec_f_01
content/fac_super_earth/bridge_personnel/cha_personnel/cha_mec_m_01
content/fac_super_earth/bridge_personnel/cha_personnel/cha_per_01_m
content/fac_super_earth/bridge_personnel/cha_personnel/cha_per_f_01
content/fac_super_earth/bridge_personnel/cha_personnel/cha_scienceadvisor_f
content/fac_super_earth/bridge_personnel/cha_personnel/cha_servicetech_f_01
content/fac_super_earth/bridge_personnel/generic_human/generic_human
content/fac_super_earth/cha_soldier_ship/cha_soldier_ship_leave_screen
content/fac_super_earth/equipment/support_weapons/shotgun_doublebarrel/shotgun_doublebarrel
content/fac_super_earth/mannequin/mannequin
content/fac_super_earth/tutorial/cha_tutorial_bot_store
content/fac_super_earth/tutorial/cha_tutorial_helldiver_passenger
content/fac_super_earth/tutorial/stab_machine
content/fac_super_earth/tutorial/target_turret
content/fac_super_earth/tutorial/tutorial_crossway_hatch
content/fac_super_earth/vehicles/colony_rover/colony_rover
content/fallback_resources/missing_level
content/fallback_resources/missing_prefab
content/fallback_resources/missing_speedtree
content/fallback_resources/missing_unit
content/ies_profiles/ies_lookup
content/level_generation_settings/env_shared_desert/weather_settings/desert_cloudy_day_01
content/level_generation_settings/env_shared_desert/weather_settings/planet18_clear
content/level_generation_settings/env_shared_desert/weather_settings/planet18_cloudy
content/level_generation_settings/env_shared_desert/weather_settings/planet18_foggy
content/level_generation_settings/env_shared_desert/weather_settings/planet18_hazy
content/level_generation_settings/env_shared_desert/weather_settings/planet18_overcast
content/level_generation_settings/env_shared_desert/weather_settings/planet18_rain
content/level_generation_settings/env_shared_desert/weather_settings/planet18_storm
content/level_generation_settings/env_shared/weather_settings/clear
content/level_generation_settings/env_shared/weather_settings/cloudy
content/level_generation_settings/env_shared/weather_settings/hazy
content/level_generation_settings/env_shared/weather_settings/high_altitude_clouds/cirrculuokuus_01
content/level_generation_settings/env_shared/weather_settings/high_altitude_clouds/cirrus_01
content/level_generation_settings/env_shared/weather_settings/high_altitude_clouds/high_altitude_coverage_map0
content/level_generation_settings/env_shared/weather_settings/high_altitude_clouds/high_altitude_coverage_map2
content/level_generation_settings/env_shared/weather_settings/intense_overcast
content/level_generation_settings/env_shared/weather_settings/overcast
content/level_generation_settings/env_shared/weather_settings/volumetric_clouds/clear_day_01
content/level_generation_settings/env_shared/weather_settings/volumetric_clouds/cloudy_day_01
content/level_generation_settings/planet_arctic_glacier/weather_settings/planet_arctic_glacier_base_clear
content/level_generation_settings/planet_arctic_glacier/weather_settings/planet_arctic_glacier_base_cloudy
content/level_generation_settings/planet_arctic_glacier/weather_settings/planet_arctic_glacier_base_snowstorm
content/level_generation_settings/planet_arctic_glacier/weather_settings/planet_arctic_glacier_coldrocky_heavy_overcast
content/level_generation_settings/planet_arctic_glacier/weather_settings/planet_arctic_glacier_coldrocky_overcast
content/level_generation_settings/planet_desert_sandy/weather_settings/planet_desert_sandy_acid_acidstorm
content/level_generation_settings/planet_desert_sandy/weather_settings/planet_desert_sandy_acid_clear
content/level_generation_settings/planet_desert_sandy/weather_settings/planet_desert_sandy_base_clear
content/level_generation_settings/planet_desert_sandy/weather_settings/planet_desert_sandy_base_hazy
content/level_generation_settings/planet_desert_sandy/weather_settings/planet_desert_sandy_base_heatwave
content/level_generation_settings/planet_desert_sandy/weather_settings/planet_desert_sandy_base_storm
content/level_generation_settings/planet_desert_sandy/weather_settings/planet_desert_sandy_mineral_clear
content/level_generation_settings/planet_desert_sandy/weather_settings/planet_desert_sandy_moon_clear
content/level_generation_settings/planet_desert_sandy/weather_settings/planet_desert_sandy_spiky_clear
content/level_generation_settings/planet_desert_sandy/weather_settings/planet_desert_sandy_spiky_dustdevils
content/level_generation_settings/planet_desert_sandy/weather_settings/planet_desert_sandy_spiky_sandrain
content/level_generation_settings/planet_desert_sandy/weather_settings/planet_desert_sandy_tutorial_clear
content/level_generation_settings/planet_forest_moor/weather_settings/planet_forest_moor_arid_burned
content/level_generation_settings/planet_forest_moor/weather_settings/planet_forest_moor_arid_burned_night
content/level_generation_settings/planet_forest_moor/weather_settings/planet_forest_moor_arid_clear_01
content/level_generation_settings/planet_forest_moor/weather_settings/planet_forest_moor_base_clear
content/level_generation_settings/planet_forest_moor/weather_settings/planet_forest_moor_base_lightning_overcast
content/level_generation_settings/planet_forest_moor/weather_settings/planet_forest_moor_base_misty
content/level_generation_settings/planet_forest_moor/weather_settings/planet_forest_moor_base_overcast
content/level_generation_settings/planet_forest_moor/weather_settings/planet_forest_moor_red_clear_01
content/level_generation_settings/planet_forest_moor/weather_settings/planet_forest_moor_red_rain
content/level_generation_settings/planet_forest_moor/weather_settings/planet_forest_moor_red_rain_night
content/level_generation_settings/planet_forest_moor/weather_settings/planet_forest_moor_tundra_clear
content/level_generation_settings/planet_forest_moor/weather_settings/planet_forest_moor_tundra_clear_night
content/level_generation_settings/planet_forest_primordial/weather_settings/planet_forest_primordial_base_clear
content/level_generation_settings/planet_forest_primordial/weather_settings/planet_forest_primordial_base_rainstorm
content/level_generation_settings/planet_forest_primordial/weather_settings/planet_forest_primordial_blue_clear_01
content/level_generation_settings/planet_forest_primordial/weather_settings/planet_forest_primordial_blue_clear_night
content/level_generation_settings/planet_forest_primordial/weather_settings/planet_forest_primordial_blue_windy
content/level_generation_settings/planet_forest_primordial/weather_settings/planet_forest_primordial_blue_windy_night
content/level_generation_settings/planet_forest_primordial/weather_settings/planet_forest_primordial_dead_clear
content/level_generation_settings/planet_forest_primordial/weather_settings/planet_forest_primordial_purple_clear_01
content/level_generation_settings/planet_settings/planet_setup/planet_arctic_glacier_coldrocky
content/level_generation_settings/planet_settings/planet_setup/planet_desert_sandy_base
content/level_generation_settings/planet_settings/planet_setup/planet_desert_sandy_mineral
content/level_generation_settings/planet_settings/planet_setup/planet_desert_sandy_moon
content/level_generation_settings/planet_settings/planet_setup/planet_desert_sandy_spiky
content/level_generation_settings/planet_settings/planet_setup/planet_forest_moor_arid
content/level_generation_settings/planet_settings/planet_setup/planet_forest_moor_red
content/level_generation_settings/planet_settings/planet_setup/planet_forest_primordial_base
content/level_generation_settings/planet_settings/planet_setup/planet_forest_primordial_blue
content/level_generation_settings/planet_settings/planet_setup/planet_forest_primordial_dead
content/level_generation_settings/planet_settings/planet_setup/planet_forest_primordial_purple
content/level_generation_settings/planet_settings/planet_setup/planet_homeworld_superearth
content/levels/lighting/desert/desert_day-cubemaps/reflection_probe_diffuse_bake
content/levels/lighting/desert/desert_day-cubemaps/reflection_probe_radiance_bake
content/levels/lighting/desert/desert_day-cubemaps/reflection_probe_specular_bake
content/levels/lighting/editor_testing/reflection_probe_diffuse_bake
content/levels/lighting/editor_testing/reflection_probe_radiance_bake
content/levels/lighting/editor_testing/reflection_probe_specular_bake
content/levels/ship_hub-cubemaps/reflection_cube_irradiance
content/levels/ship_hub-cubemaps/reflection_cube_specular
content/levels/ship_hub-cubemaps/reflection_cube_specular_showroom
content/levels/ship_hub-cubemaps/reflection_probe_bake
content/levels/ship_hub-cubemaps/reflection_probe_diffuse_bake
content/levels/ship_hub-cubemaps/reflection_probe_radiance_bake
content/levels/ship_hub-cubemaps/reflection_probe_specular_bake
content/markers/exploration_markers/cache_loot_marker
content/markers/exploration_markers/narrative/poi_text_battlefield_medium_01
content/markers/exploration_markers/narrative/poi_text_botremains_01_01
content/markers/exploration_markers/narrative/poi_text_bug_research_01_01
content/markers/exploration_markers/narrative/poi_text_colony_sign_01
content/markers/exploration_markers/narrative/poi_text_crashedbomb_01_01
content/markers/exploration_markers/narrative/poi_text_crashedbomb_01_02
content/markers/exploration_markers/narrative/poi_text_cy_explosive_battery_01
content/markers/exploration_markers/narrative/poi_text_cy_robot_arm_01
content/markers/exploration_markers/narrative/poi_text_driving_accident_01_01
content/markers/exploration_markers/narrative/poi_text_grave_01_01
content/markers/exploration_markers/narrative/poi_text_habs_plantationbox_6m_01
content/markers/exploration_markers/narrative/poi_text_helldiver_statue_01
content/markers/exploration_markers/narrative/poi_text_hidden_storage_01
content/markers/exploration_markers/narrative/poi_text_hidden_storage_01_02
content/markers/exploration_markers/narrative/poi_text_mine_01
content/markers/exploration_markers/narrative/poi_text_moor_crashed_ship_01
content/markers/exploration_markers/narrative/poi_text_search_light_ground
content/markers/exploration_markers/narrative/poi_text_smugglers_01
content/markers/exploration_markers/narrative/poi_text_tablet_advertandpropaganda_01
content/markers/exploration_markers/narrative/poi_text_tablet_family_01
content/markers/exploration_markers/narrative/poi_text_tablet_mail_01
content/markers/exploration_markers/narrative/poi_text_tablet_overseer_01
content/markers/exploration_markers/narrative/poi_text_tablet_permit_01
content/markers/exploration_markers/narrative/poi_text_tablet_seaf_retreat_01
content/objectives/auto_night_light
content/objectives/landing_zone
content/objectives/landing_zone_no_lights
content/objectives/obj_bugs/blocking_chunk/blocking_chunk
content/objectives/obj_bugs/bug_stratagem_blocker/bug_stratagem_blocker
content/objectives/obj_bugs/central_core/central_core_drill_01
content/objectives/obj_bugs/central_core/central_core_hole_plug
content/objectives/obj_bugs/eggsack/embryo_01
content/objectives/obj_bugs/entities/bug_assassinate_chargers/bug_assassinate_chargers
content/objectives/obj_bugs/entities/bug_assassinate_commander/bug_assassinate_commander
content/objectives/obj_bugs/entities/bug_assassinate_striders/bug_assassinate_striders
content/objectives/obj_bugs/entities/bug_central_core/bug_central_core
content/objectives/obj_bugs/entities/bug_destroy_stalker_lair/bug_destroy_stalker_lair
content/objectives/obj_bugs/entities/bug_destroy_stratagem_blocker/bug_destroy_stratagem_blocker
content/objectives/obj_bugs/entities/bug_foggenerator/bug_foggenerator
content/objectives/obj_bugs/entities/bug_kill/bug_kill
content/objectives/obj_bugs/entities/bug_purge_hatchery/bug_purge_hatchery
content/objectives/obj_bugs/entities/bug_retrieve_larva/bug_retrieve_larva
content/objectives/obj_bugs/raise_flag/deploy_flag_area_marker_bug_hive
content/objectives/obj_bugs/retrieve_larva/bug_larva_container_backpack
content/objectives/obj_common/capital_defense/capital_defense_building
content/objectives/obj_common/capital_defense/capital_defense_pillar
content/objectives/obj_common/capital_defense/capital_defense_tower
content/objectives/obj_common/cargo_container/cargo_container
content/objectives/obj_common/carry_data/carry_data
content/objectives/obj_common/carry_data/carry_data_cargo_container
content/objectives/obj_common/collect_data/collect_data_drop_off
content/objectives/obj_common/collect_data/objective_collect_data_terminal
content/objectives/obj_common/colony_relay/colony_relay_01/objective_colony_relay
content/objectives/obj_common/colony_relay/colony_relay_01/objective_colony_relay_terminal
content/objectives/obj_common/colony_relay/relay_alignment_switch
content/objectives/obj_common/communications_relay/communications_relay
content/objectives/obj_common/entities/gen_capital_defense/gen_capital_defense
content/objectives/obj_common/entities/gen_collect_data/gen_collect_data
content/objectives/obj_common/entities/gen_colony_relay/gen_colony_relay
content/objectives/obj_common/entities/gen_destroy_research_station/gen_destroy_research_station
content/objectives/obj_common/entities/gen_evacuate_civilians/gen_evacuate_civilians
content/objectives/obj_common/entities/gen_extract_civilians/gen_extract_civilians
content/objectives/obj_common/entities/gen_find_escape_pod/gen_find_escape_pod
content/objectives/obj_common/entities/gen_horde_collect/gen_horde_collect
content/objectives/obj_common/entities/gen_icbm/gen_icbm
content/objectives/obj_common/entities/gen_investigate_research_station/gen_investigate_research_station
content/objectives/obj_common/entities/gen_military_uplink/gen_military_uplink
content/objectives/obj_common/entities/gen_oil_pickup/gen_oil_pickup
content/objectives/obj_common/entities/gen_oilpump/gen_oilpump
content/objectives/obj_common/entities/gen_prospecting_drill/gen_prospecting_drill
content/objectives/obj_common/entities/gen_radar_station/gen_radar_station
content/objectives/obj_common/entities/gen_raise_flag/gen_raise_flag
content/objectives/obj_common/entities/gen_refueling_station/gen_refueling_station
content/objectives/obj_common/entities/gen_restore_power/gen_restore_power
content/objectives/obj_common/entities/gen_retrieve_codes/gen_retrieve_codes
content/objectives/obj_common/entities/gen_seaf_gun/gen_seaf_gun
content/objectives/obj_common/entities/gen_seismic_probe/gen_seismic_probe
content/objectives/obj_common/entities/gen_truth_transmitter/gen_truth_transmitter
content/objectives/obj_common/entities/gen_upload_data/gen_upload_data
content/objectives/obj_common/entities/tut_intro_mission/deploy_flag_area_marker_tut_intro
content/objectives/obj_common/entities/tut_intro_mission/tut_intro_mission
content/objectives/obj_common/entities/tut_intro_mission/tut_intro_mission_segment/tut_intro_mission_end_sequence
content/objectives/obj_common/entities/tut_intro_mission/tut_intro_mission_segment/tut_intro_mission_segment
content/objectives/obj_common/entities/tut_intro_mission/tut_intro_mission_segment/tut_intro_mission_segment_bug_pit
content/objectives/obj_common/entities/tut_intro_mission/tut_intro_mission_segment/tut_intro_mission_segment_fake_objective
content/objectives/obj_common/entities/tut_intro_mission/tut_intro_mission_segment/tut_intro_mission_segment_loadout_room
content/objectives/obj_common/entities/tut_intro_mission/tut_intro_mission_segment/tut_intro_mission_segment_obstacle_course
content/objectives/obj_common/entities/tut_intro_mission/tut_intro_mission_segment/tut_intro_mission_segment_resupply_area
content/objectives/obj_common/entities/tut_intro_mission/tut_intro_mission_segment/tut_intro_mission_segment_sprint_corridor
content/objectives/obj_common/entities/tut_intro_mission/tut_intro_mission_segment/tut_intro_mission_segment_stim
content/objectives/obj_common/entities/tut_intro_mission/tut_intro_mission_segment/tut_intro_mission_segment_zoo_1
content/objectives/obj_common/entities/tut_intro_mission/tut_intro_mission_segment/tut_intro_mission_segment_zoo_2
content/objectives/obj_common/entities/tut_intro_mission/tut_intro_mission_segment/tut_intro_mission_segment_zoo_3
content/objectives/obj_common/entities/tut_intro_mission/tut_intro_mission_terminal/objective_tut_intro_mission_terminal
content/objectives/obj_common/entities/tut_intro_mission/tut_intro_mission_vo
content/objectives/obj_common/escape_pod/escape_pod
content/objectives/obj_common/extract_civilians/civilian_spawner
content/objectives/obj_common/extract_civilians/extract_civilians_rescue_point
content/objectives/obj_common/gen_button
content/objectives/obj_common/gen_delivery_drop_off
content/objectives/obj_common/gen_delivery_location
content/objectives/obj_common/gen_evacuate_button
content/objectives/obj_common/gen_radar_terminal
content/objectives/obj_common/generator/generator
content/objectives/obj_common/generic_intel/generic_intel
content/objectives/obj_common/icbm_silo/icbm_lock
content/objectives/obj_common/icbm_silo/icbm_rocket
content/objectives/obj_common/icbm_silo/icbm_silo
content/objectives/obj_common/icbm_silo/icbm_terminal
content/objectives/obj_common/investigate_point_upload_data_common
content/objectives/obj_common/military_uplink/military_uplink_drop_off
content/objectives/obj_common/military_uplink/objective_military_uplink_terminal
content/objectives/obj_common/oil_field/oil_field_plane
content/objectives/obj_common/oil_pickup/objective_oil_pickup_terminal
content/objectives/obj_common/oil_pickup/oil_pickup_hose_connection
content/objectives/obj_common/oil_pickup/oil_pickup_tank
content/objectives/obj_common/oil_pump/non_objective_oil_pump_animated
content/objectives/obj_common/oil_pump/objective_oil_pickup_terminal
content/objectives/obj_common/oil_pump/objective_oil_pump_terminal
content/objectives/obj_common/oil_pump/objective_oil_pump_valve
content/objectives/obj_common/oil_pump/oil_pump
content/objectives/obj_common/oil_pump/oil_tank
content/objectives/obj_common/oil_pump/sub_oil_pump_stage_2
content/objectives/obj_common/power_station/power_station
content/objectives/obj_common/power_station/power_station_prime
content/objectives/obj_common/radar_station/objective_radar_station_terminal
content/objectives/obj_common/radar_wagon
content/objectives/obj_common/raise_flag/carry_flag
content/objectives/obj_common/raise_flag/deploy_flag_area_marker
content/objectives/obj_common/refueling_station/objective_evacuate_civilians_main_terminal
content/objectives/obj_common/refueling_station/objective_refueling_terminal
content/objectives/obj_common/research_station/research_station_destroy
content/objectives/obj_common/research_station/research_station_upload
content/objectives/obj_common/restore_power/restore_power_terminal
content/objectives/obj_common/sam_site/sam_site
content/objectives/obj_common/sam_site/sam_site_foundation
content/objectives/obj_common/sam_site/sam_site_launcher_terminal
content/objectives/obj_common/seaf_artillery/seaf_drop_off
content/objectives/obj_common/seaf_gun/ammo/
content/objectives/obj_common/seaf_gun/seaf_gun
content/objectives/obj_common/seaf_gun/seaf_gun_terminal
content/objectives/obj_common/ship_hub/arm_wrestling_station
content/objectives/obj_common/ship_hub/pullup_station
content/objectives/obj_common/ship_hub/ship_destroyer
content/objectives/obj_common/ship_hub/ship_hub_arcade_terminal
content/objectives/obj_common/ship_hub/ship_hub_character_customization
content/objectives/obj_common/ship_hub/ship_hub_stratagem_armory
content/objectives/obj_common/shoulder_mounted_camera/shoulder_mounted_camera
content/objectives/obj_common/shuttle_escape_hatch/shuttle_escape_entrance
content/objectives/obj_common/shuttle_escape_hatch/shuttle_escape_hatch
content/objectives/obj_common/shuttle_pickup
content/objectives/obj_common/truth_transmitter/truth_transmitter_tower_screen_03
content/objectives/obj_common/truth_transmitter/truth_transmitter_tower_speakers
content/objectives/obj_common/truth_transmitter/truth_transmitter_tower_terminal
content/objectives/obj_common/upload_data_interact_common
content/objectives/obj_common/upload_data/delivery_drop_off_upload
content/objectives/obj_common/upload_data/objective_upload_data_main_terminal
content/objectives/obj_cyborgs/convoy/cy_convoy_end_marker
content/objectives/obj_cyborgs/cyborg_airbase_control_tower/control_tower_delivery_drop_off
content/objectives/obj_cyborgs/cyborg_airbase_control_tower/cy_control_tower
content/objectives/obj_cyborgs/cyborg_airbase_control_tower/objective_control_tower_terminal
content/objectives/obj_cyborgs/cyborg_ammunition_stockpile/cy_ammunition_stockpile
content/objectives/obj_cyborgs/cyborg_chemicals_backpack/cy_chemicals_backpack
content/objectives/obj_cyborgs/cyborg_command_bunker/cyborg_command_bunker
content/objectives/obj_cyborgs/cyborg_destroy_communication/objective_destroy_communication_terminal
content/objectives/obj_cyborgs/cyborg_detector_tower/cy_detector_tower
content/objectives/obj_cyborgs/cyborg_filling_station/cy_filling_station
content/objectives/obj_cyborgs/cyborg_filling_station/objective_filling_station_terminal
content/objectives/obj_cyborgs/cyborg_gunship_spawner/cyborg_gunship_spawner
content/objectives/obj_cyborgs/cyborg_landed_dropship/cyborg_landed_dropship
content/objectives/obj_cyborgs/cyborg_orbital_cannon/cy_fleet_ship_01
content/objectives/obj_cyborgs/cyborg_orbital_cannon/cy_orbital_cannon
content/objectives/obj_cyborgs/cyborg_orbital_cannon/objective_orbital_cannon_terminal
content/objectives/obj_cyborgs/cyborg_raise_flag/deploy_flag_area_marker_bot_base
content/objectives/obj_cyborgs/cyborg_remains_backpack/cy_remains_backpack
content/objectives/obj_cyborgs/cyborg_shutdown_grinder/grinder
content/objectives/obj_cyborgs/cyborg_shutdown_grinder/objective_grinder_terminal
content/objectives/obj_cyborgs/cyborg_strategem_blocker/cy_stratagem_blocker
content/objectives/obj_cyborgs/cyborg_strategem_blocker/objective_stratagem_blocker_terminal
content/objectives/obj_cyborgs/entities/cy_aa_emplacement/cy_aa_emplacement
content/objectives/obj_cyborgs/entities/cy_assassinate_devastator/cy_assassinate_devastator
content/objectives/obj_cyborgs/entities/cy_assassinate_lt/cy_assassinate_lt
content/objectives/obj_cyborgs/entities/cy_chemicals/cy_chemicals
content/objectives/obj_cyborgs/entities/cy_destroy_airbase/cy_destroy_airbase
content/objectives/obj_cyborgs/entities/cy_destroy_ammo/cy_destroy_ammo
content/objectives/obj_cyborgs/entities/cy_destroy_command_bunker/cy_destroy_command_bunker
content/objectives/obj_cyborgs/entities/cy_destroy_communication/cy_destroy_communication
content/objectives/obj_cyborgs/entities/cy_destroy_control_tower/cy_destroy_control_tower
content/objectives/obj_cyborgs/entities/cy_destroy_detector_tower/cy_destroy_detector_tower
content/objectives/obj_cyborgs/entities/cy_destroy_fuel/cy_destroy_fuel
content/objectives/obj_cyborgs/entities/cy_destroy_stratagem_blocker/cy_destroy_stratagem_blocker
content/objectives/obj_cyborgs/entities/cy_kill/cy_kill
content/objectives/obj_cyborgs/entities/cy_mortar_emplacement/cy_mortar_emplacement
content/objectives/obj_cyborgs/entities/cy_neutralize_cannon/cy_neutralize_cannon
content/objectives/obj_cyborgs/entities/cy_orbital_cannon/cy_orbital_cannon
content/objectives/obj_cyborgs/entities/cy_retrieve_backpack/cy_retrieve_backpack
content/objectives/obj_cyborgs/entities/cy_samsite/cy_samsite
content/objectives/obj_cyborgs/entities/cy_shutdown_grinder/cy_shutdown_grinder
content/objectives/obj_illuminate/entities/il_investigate_crashed_harvester/il_investigate_crashed_harvester
content/objectives/obj_illuminate/entities/il_raise_flag/il_raise_flag
content/objectives/obj_illuminate/entities/il_retrieve_artifact/il_retrieve_artifact
content/objectives/obj_illuminate/entities/il_upload_data/il_upload_data
content/objectives/obj_illuminate/il_artifact_01/il_artifact_01
content/objectives/obj_illuminate/il_crashed_harvester/il_crashed_harvester
content/planet_arctic_glacier/assets/variation_coldrocky/terrain_materials/textures_packed/arctic_dirt_mossy_displacement
content/planet_desert_rocky/assets/terrain_materials/textures_packed/rocky_dirt_rough_displacement
content/planet_desert_rocky/assets/terrain_materials/textures_packed/rocky_generic_dirt_displacement
content/planet_desert_rocky/assets/terrain_materials/textures_packed/rocky_grass_displacement
content/planet_desert_rocky/assets/terrain_materials/textures_packed/rocky_pebbles_heavy_displacement
content/planet_desert_rocky/assets/terrain_materials/textures_packed/rocky_pebbles_small_displacement
content/planet_desert_rocky/assets/terrain_materials/textures_packed/rocky_rock_puddles_displacement
content/planet_desert_rocky/assets/terrain_materials/textures_packed/rocky_seaweed_displacement
content/planet_desert_rocky/assets/terrain_materials/textures_packed/rocky_seaweed_puddles_displacement
content/planet_desert_sandy/assets/terrain_materials/textures_packed/sandy_bot_road_displacement
content/planet_desert_sandy/assets/terrain_materials/textures_packed/sandy_dirt_displacement
content/planet_desert_sandy/assets/terrain_materials/textures_packed/sandy_generic_rock_displacement
content/planet_desert_sandy/assets/terrain_materials/textures_packed/sandy_heavy_pebbles_displacement
content/planet_desert_sandy/assets/terrain_materials/textures_packed/sandy_mud_cracked_displacement
content/planet_desert_sandy/assets/terrain_materials/textures_packed/sandy_mud_displacement
content/planet_desert_sandy/assets/terrain_materials/textures_packed/sandy_road_displacement
content/planet_desert_sandy/assets/terrain_materials/textures_packed/sandy_rocky_sulfur_displacement
content/planet_desert_sandy/assets/terrain_materials/textures_packed/sandy_sand_smooth_displacement
content/planet_desert_sandy/assets/terrain_materials/textures_packed/sandy_sand_trampled_displacement
content/planet_desert_sandy/assets/terrain_materials/textures_packed/sandy_sand_windblown_displacement
content/planet_desert_sandy/assets/terrain_materials/textures_packed/sandy_scorch_displacement
content/planet_desert_sandy/assets/terrain_materials/textures_packed/sandy_small_pebbles_displacement
content/planet_desert_sandy/assets/terrain_materials/textures_packed/sandy_super_earth_road_displacement
content/planet_desert_sandy/assets/terrain_materials/textures_packed/sandy_weathering_albedo_graded
content/planet_desert_sandy/assets/terrain_materials/textures_packed/sandy_weathering_mask
content/planet_desert_sandy/assets/terrain_materials/textures_packed/sandy_weathering_nar
content/planet_desert_sandy/assets/variation_mineral/terrain_materials/textures_packed/sandy_road_displacement
content/planet_desert_sandy/assets/variation_mineral/terrain_materials/textures_packed/sandy_sand_smooth_displacement
content/planet_desert_sandy/assets/variation_mineral/terrain_materials/textures_packed/sandy_sand_trampled_displacement
content/planet_desert_sandy/assets/variation_mineral/terrain_materials/textures_packed/sandy_sand_windblown_displacement
content/planet_desert_sandy/assets/variation_moon/terrain_materials/textures_packed/sandy_sand_smooth_displacement
content/planet_desert_sandy/assets/variation_moon/terrain_materials/textures_packed/sandy_sand_trampled_displacement
content/planet_desert_sandy/assets/variation_moon/terrain_materials/textures_packed/sandy_sand_windblown_displacement
content/planet_desert_savanna/assets/terrain_materials/textures_packed/savanna_bot_road_displacement
content/planet_desert_savanna/assets/terrain_materials/textures_packed/savanna_dead_zone_displacement
content/planet_desert_savanna/assets/terrain_materials/textures_packed/savanna_dirt_cracked_displacement
content/planet_desert_savanna/assets/terrain_materials/textures_packed/savanna_dirt_displacement
content/planet_desert_savanna/assets/terrain_materials/textures_packed/savanna_forest_displacement
content/planet_desert_savanna/assets/terrain_materials/textures_packed/savanna_grass_displacement
content/planet_desert_savanna/assets/terrain_materials/textures_packed/savanna_grass_tall_displacement
content/planet_desert_savanna/assets/terrain_materials/textures_packed/savanna_mud_default_displacement
content/planet_desert_savanna/assets/terrain_materials/textures_packed/savanna_pebbles_heavy_displacement
content/planet_desert_savanna/assets/terrain_materials/textures_packed/savanna_pebbles_small_displacement
content/planet_desert_savanna/assets/terrain_materials/textures_packed/savanna_road_displacement
content/planet_desert_savanna/assets/terrain_materials/textures_packed/savanna_rock_displacement
content/planet_desert_savanna/assets/terrain_materials/textures_packed/savanna_sand_displacement
content/planet_desert_savanna/assets/terrain_materials/textures_packed/savanna_super_earth_road_displacement
content/planet_forest_moor/assets/terrain_materials/textures_packed/moor_bogs_moss_displacement
content/planet_forest_moor/assets/terrain_materials/textures_packed/moor_bogs_water_displacement
content/planet_forest_moor/assets/terrain_materials/textures_packed/moor_field_grass_01_displacement
content/planet_forest_moor/assets/terrain_materials/textures_packed/moor_field_grass_02_displacement
content/planet_forest_moor/assets/terrain_materials/textures_packed/moor_field_heather_displacement
content/planet_forest_moor/assets/terrain_materials/textures_packed/moor_generic_dirt_displacement
content/planet_forest_moor/assets/terrain_materials/textures_packed/moor_generic_road_displacement
content/planet_forest_moor/assets/terrain_materials/textures_packed/moor_generic_rock_displacement
content/planet_forest_moor/assets/terrain_materials/textures_packed/moor_moss_displacement
content/planet_forest_moor/assets/terrain_materials/textures_packed/moor_pebbles_heavy_displacement
content/planet_forest_moor/assets/terrain_materials/textures_packed/moor_pebbles_small_displacement
content/planet_forest_moor/assets/terrain_materials/textures_packed/moor_shore_displacement
content/planet_forest_moor/assets/variation_arid/terrain_materials/texture_packed/moor_arid_dirt_displacement
content/planet_forest_moor/assets/variation_arid/terrain_materials/texture_packed/moor_arid_dry_mud_heavy_displacement
content/planet_forest_moor/assets/variation_arid/terrain_materials/texture_packed/moor_arid_dry_mud_small_displacement
content/planet_forest_moor/assets/variation_arid/terrain_materials/texture_packed/moor_arid_pebbles_heavy_displacement
content/planet_forest_moor/assets/variation_arid/terrain_materials/texture_packed/moor_arid_pebbles_small_displacement
content/planet_forest_moor/assets/variation_arid/terrain_materials/texture_packed/moor_arid_road_displacement
content/planet_forest_moor/assets/variation_arid/terrain_materials/texture_packed/moor_field_driedgrass_01_displacement
content/planet_forest_moor/assets/variation_arid/terrain_materials/texture_packed/moor_field_driedgrass_02_displacement
content/planet_forest_moor/assets/variation_arid/terrain_materials/texture_packed/moor_field_heather_displacement
content/planet_forest_moor/assets/variation_arid/terrain_materials/texture_packed/moor_generic_rock_displacement
content/planet_forest_moor/assets/variation_arid/terrain_materials/texture_packed/moor_sand_displacement
content/planet_forest_moor/assets/variation_red/terrain_materials/textures_packed/moor_redgrass_01_displacement
content/planet_forest_moor/assets/variation_red/terrain_materials/textures_packed/moor_redgrass_02_displacement
content/planet_forest_primordial/assets/terrain_materials/textures_packed/forest_super_earth_road_displacement
content/planet_forest_primordial/assets/terrain_materials/textures_packed/primordial_field_displacement
content/planet_forest_primordial/assets/terrain_materials/textures_packed/primordial_field_grass_displacement
content/planet_forest_primordial/assets/terrain_materials/textures_packed/primordial_forest_mush_displacement
content/planet_forest_primordial/assets/terrain_materials/textures_packed/primordial_forest_road_displacement
content/planet_forest_primordial/assets/terrain_materials/textures_packed/primordial_forest_scatter_displacement
content/planet_forest_primordial/assets/terrain_materials/textures_packed/primordial_generic_dirt_displacement
content/planet_forest_primordial/assets/terrain_materials/textures_packed/primordial_generic_road_displacement
content/planet_forest_primordial/assets/terrain_materials/textures_packed/primordial_generic_rock_displacement
content/planet_forest_primordial/assets/terrain_materials/textures_packed/primordial_pebbles_heavy_displacement
content/planet_forest_primordial/assets/terrain_materials/textures_packed/primordial_pebbles_small_displacement
content/planet_forest_primordial/assets/terrain_materials/textures_packed/primordial_shore_reef_displacement
content/planet_forest_primordial/assets/terrain_materials/textures_packed/primordial_shore_sand_displacement
content/planet_forest_primordial/assets/variation_dead/terrain_materials/textures_packed/moor_dead_field_01_displacement
content/planet_forest_primordial/assets/vistas/vista_primordial_volcano
content/planet_forest_swamp/assets/organic/chimney/explosive_gas_chimney
content/planet_forest_swamp/assets/terrain_materials/textures_packed/swamp_dense_vegetation_displacement
content/planet_forest_swamp/assets/terrain_materials/textures_packed/swamp_leaves_displacement
content/planet_forest_swamp/assets/terrain_materials/textures_packed/swamp_roots_displacement
content/planet_forest_swamp/assets/terrain_materials/textures_packed/swamp_tall_vegetation_displacement
content/planet_forest_swamp/assets/terrain_materials/textures_packed/swamp_wet_mud_displacement
